,,,,,,
https://www.rightmove.co.uk/property-to-rent/property-77250823.html,,,,,,
https://www.rightmove.co.uk/property-to-rent/property-77250205.html,,,,,,
https://www.rightmove.co.uk/property-to-rent/property-77210116.html,,,,,,
https://www.rightmove.co.uk/property-to-rent/property-77250823.html,,,,,,
https://www.rightmove.co.uk/property-to-rent/property-77250205.html,,,,,,
https://www.rightmove.co.uk/property-to-rent/property-77250823.html,,,,,,
https://www.rightmove.co.uk/property-to-rent/property-77250205.html,,,,,,
https://www.rightmove.co.uk/property-to-rent/property-77250823.html,,,,,,
https://www.rightmove.co.uk/property-to-rent/property-77250205.html,,,,,,
https://www.rightmove.co.uk/property-to-rent/property-77250823.html,,,,,,
https://www.rightmove.co.uk/property-to-rent/property-77250205.html,,,,,,
https://www.rightmove.co.uk/property-to-rent/property-77250823.html,,,,,,
https://www.rightmove.co.uk/property-to-rent/property-77250205.html,,,,,,
https://www.rightmove.co.uk/property-to-rent/property-77250823.html,,,,,,
https://www.rightmove.co.uk/property-to-rent/property-77250205.html,,,,,,
https://www.rightmove.co.uk/property-to-rent/property-77250823.html,,,,,,
https://www.rightmove.co.uk/property-to-rent/property-77250205.html,,,,,,
https://www.rightmove.co.uk/property-to-rent/property-77250823.html,,,,,,
https://www.rightmove.co.uk/property-to-rent/property-77250205.html,,,,,,
https://www.rightmove.co.uk/property-to-rent/property-77250823.html,,,,,,
https://www.rightmove.co.uk/property-to-rent/property-77250205.html,,,,,,
https://www.rightmove.co.uk/property-to-rent/property-77250823.html,,,,,,
https://www.rightmove.co.uk/property-to-rent/property-77250205.html,,,,,,
https://www.rightmove.co.uk/property-to-rent/property-77250823.html,,,,,,
https://www.rightmove.co.uk/property-to-rent/property-77250205.html,,,,,,
https://www.rightmove.co.uk/property-to-rent/property-77250823.html,,,,,,
https://www.rightmove.co.uk/property-to-rent/property-77250205.html,,,,,,
https://www.rightmove.co.uk/property-to-rent/property-77250823.html,,,,,,
https://www.rightmove.co.uk/property-to-rent/property-77250205.html,,,,,,
https://www.rightmove.co.uk/property-to-rent/property-77250823.html,,,,,,
https://www.rightmove.co.uk/property-to-rent/property-77250205.html,,,,,,
https://www.rightmove.co.uk/property-to-rent/property-77250823.html,,,,,,
https://www.rightmove.co.uk/property-to-rent/property-77250205.html,,,,,,
https://www.rightmove.co.uk/property-to-rent/property-77250823.html,,,,,,
https://www.rightmove.co.uk/property-to-rent/property-77250205.html,,,,,,
https://www.rightmove.co.uk/property-to-rent/property-77250823.html,,,,,,
https://www.rightmove.co.uk/property-to-rent/property-77250205.html,,,,,,
https://www.rightmove.co.uk/property-to-rent/property-77250823.html,,,,,,
https://www.rightmove.co.uk/property-to-rent/property-77250205.html,,,,,,
https://www.rightmove.co.uk/property-to-rent/property-77250823.html,,,,,,
https://www.rightmove.co.uk/property-to-rent/property-77250205.html,,,,,,
https://www.rightmove.co.uk/property-to-rent/property-77250823.html,,,,,,
https://www.rightmove.co.uk/property-to-rent/property-77250205.html,,,,,,
https://www.rightmove.co.uk/property-to-rent/property-77250823.html,,,,,,
https://www.rightmove.co.uk/property-to-rent/property-77250205.html,,,,,,
https://www.rightmove.co.uk/property-to-rent/property-77224255.html,,,,,,
https://www.rightmove.co.uk/property-to-rent/property-77224255.html,,,,,,
https://www.rightmove.co.uk/property-to-rent/property-77224255.html,,,,,,
https://www.rightmove.co.uk/property-to-rent/property-77224255.html,,,,,,
https://www.rightmove.co.uk/property-to-rent/property-77224255.html,,,,,,
https://www.rightmove.co.uk/property-to-rent/property-77224255.html,,,,,,
https://www.rightmove.co.uk/property-to-rent/property-77224255.html,,,,,,
https://www.rightmove.co.uk/property-to-rent/property-77224255.html,,,,,,
https://www.rightmove.co.uk/property-to-rent/property-77224255.html,,,,,,