postcode,geo_lat,geo_long,rmv_unique_link,rent_pcm,estate_agent,estate_agent_address,date_available,image_links
SE17 2LR,51.48900793979718,0.08042463054292816,89255114,2396.3333333333335,Cubix Estate Agents,"169 New Kent Road, London, SE1 4AG",2020-02-08-14-29-00,"['https://media.rightmove.co.uk/dir/120k/119137/89255114/119137_33Leysdown_IMG_01_0000_max_656x437.jpg', 'https://media.rightmove.co.uk/dir/120k/119137/89255114/119137_33Leysdown_IMG_00_0000_max_656x437.jpg', 'https://media.rightmove.co.uk/dir/120k/119137/89255114/119137_33Leysdown_IMG_02_0000_max_656x437.jpg', 'https://media.rightmove.co.uk/dir/120k/119137/89255114/119137_33Leysdown_IMG_03_0000_max_656x437.jpg', 'https://media.rightmove.co.uk/dir/120k/119137/89255114/119137_33Leysdown_IMG_04_0000_max_656x437.jpg', 'https://media.rightmove.co.uk/dir/120k/119137/89255114/119137_33Leysdown_IMG_05_0000_max_656x437.jpg', 'https://media.rightmove.co.uk/dir/120k/119137/89255114/119137_33Leysdown_IMG_06_0000_max_656x437.jpg', 'https://media.rightmove.co.uk/dir/120k/119137/89255114/119137_33Leysdown_IMG_07_0000_max_656x437.jpg', 'https://media.rightmove.co.uk/dir/120k/119137/89255114/119137_33Leysdown_IMG_08_0000_max_656x437.jpg', 'https://media.rightmove.co.uk/dir/120k/119137/89255114/119137_33Leysdown_IMG_09_0000_max_656x437.jpg', 'https://media.rightmove.co.uk/dir/120k/119137/89255114/119137_33Leysdown_IMG_10_0000_max_656x437.jpg', 'https://media.rightmove.co.uk/dir/120k/119137/89255114/119137_33Leysdown_IMG_11_0000_max_656x437.jpg', 'https://media.rightmove.co.uk/dir/120k/119137/89255114/119137_33Leysdown_IMG_12_0000_max_656x437.jpg', 'https://media.rightmove.co.uk/dir/120k/119137/89255114/119137_33Leysdown_IMG_13_0000_max_656x437.jpg', 'https://media.rightmove.co.uk/dir/120k/119137/89255114/119137_33Leysdown_IMG_14_0000_max_656x437.jpg', 'https://media.rightmove.co.uk/dir/120k/119137/89255114/119137_33Leysdown_IMG_15_0000_max_656x437.jpg']"
SE17 3EQ,51.485491763703244,0.09641601592163938,68192229,2383.3333333333335,Atkinson McLeod,"181-183 Kennington Lane, London, SE11 4EZ",2020-02-07-20-14-40,"['https://media.rightmove.co.uk/dir/41k/40104/68192229/40104_KNL200177_L_IMG_01_0000_max_656x437.jpg', 'https://media.rightmove.co.uk/dir/41k/40104/68192229/40104_KNL200177_L_IMG_02_0000_max_656x437.jpg', 'https://media.rightmove.co.uk/dir/41k/40104/68192229/40104_KNL200177_L_IMG_03_0000_max_656x437.jpg', 'https://media.rightmove.co.uk/dir/41k/40104/68192229/40104_KNL200177_L_IMG_04_0000_max_656x437.jpg', 'https://media.rightmove.co.uk/dir/41k/40104/68192229/40104_KNL200177_L_IMG_05_0000_max_656x437.jpg', 'https://media.rightmove.co.uk/dir/41k/40104/68192229/40104_KNL200177_L_IMG_06_0000_max_656x437.jpg', 'https://media.rightmove.co.uk/dir/41k/40104/68192229/40104_KNL200177_L_IMG_07_0000_max_656x437.jpg', 'https://media.rightmove.co.uk/dir/41k/40104/68192229/40104_KNL200177_L_IMG_08_0000_max_656x437.jpg', 'https://media.rightmove.co.uk/dir/41k/40104/68192229/40104_KNL200177_L_IMG_09_0000_max_656x437.jpg']"
SE17 1ST,51.49039123540443,0.08252726675199162,76607971,2000.0,OpenRent (96668 -GPM Principal branch),39 Great Windmill Street London W1D 7LX ,2020-02-06-13-18-02,"['https://media.rightmove.co.uk/dir/97k/96668/76607971/96668_69144529122019_IMG_15_0000_max_656x437.jpg', 'https://media.rightmove.co.uk/dir/97k/96668/76607971/96668_69144529122019_IMG_11_0000_max_656x437.jpg', 'https://media.rightmove.co.uk/dir/97k/96668/76607971/96668_69144529122019_IMG_13_0000_max_656x437.jpg', 'https://media.rightmove.co.uk/dir/97k/96668/76607971/96668_69144529122019_IMG_12_0000_max_656x437.jpg', 'https://media.rightmove.co.uk/dir/97k/96668/76607971/96668_69144529122019_IMG_05_0000_max_656x437.jpg', 'https://media.rightmove.co.uk/dir/97k/96668/76607971/96668_69144529122019_IMG_16_0000_max_656x437.jpg', 'https://media.rightmove.co.uk/dir/97k/96668/76607971/96668_69144529122019_IMG_06_0000_max_656x437.jpg', 'https://media.rightmove.co.uk/dir/97k/96668/76607971/96668_69144529122019_IMG_03_0000_max_656x437.jpg', 'https://media.rightmove.co.uk/dir/97k/96668/76607971/96668_69144529122019_IMG_14_0000_max_656x437.jpg', 'https://media.rightmove.co.uk/dir/97k/96668/76607971/96668_69144529122019_IMG_09_0000_max_656x437.jpg']"
SE17 1PE,51.49294210300534,0.09005526540534721,68097180,Infinity,Black Katz Ltd,"78 Borough High Street, London, SE1 1LL",2020-02-06-10-00-03,"['https://media.rightmove.co.uk/dir/50k/49784/68097180/49784_20889_IMG_01_0001_max_656x437.jpg', 'https://media.rightmove.co.uk/dir/50k/49784/68097180/49784_20889_IMG_02_0001_max_656x437.jpg', 'https://media.rightmove.co.uk/dir/50k/49784/68097180/49784_20889_IMG_03_0001_max_656x437.jpg', 'https://media.rightmove.co.uk/dir/50k/49784/68097180/49784_20889_IMG_04_0001_max_656x437.jpg', 'https://media.rightmove.co.uk/dir/50k/49784/68097180/49784_20889_IMG_05_0001_max_656x437.jpg', 'https://media.rightmove.co.uk/dir/50k/49784/68097180/49784_20889_IMG_06_0001_max_656x437.jpg', 'https://media.rightmove.co.uk/dir/50k/49784/68097180/49784_20889_IMG_07_0001_max_656x437.jpg']"
E1 1GW,51.51733603580326,0.06409968028008219,68080862,2383.3333333333335,Tower Quay Limited,"40 Westferry Circus, London, E14 8RT",2020-02-10-16-31-42,"['https://media.rightmove.co.uk/dir/56k/55234/68080862/55234_THRE84_IMG_28_0000_max_656x437.jpg', 'https://media.rightmove.co.uk/dir/56k/55234/68080862/55234_THRE84_IMG_29_0000_max_656x437.jpg', 'https://media.rightmove.co.uk/dir/56k/55234/68080862/55234_THRE84_IMG_30_0000_max_656x437.jpg', 'https://media.rightmove.co.uk/dir/56k/55234/68080862/55234_THRE84_IMG_31_0000_max_656x437.jpg', 'https://media.rightmove.co.uk/dir/56k/55234/68080862/55234_THRE84_IMG_32_0000_max_656x437.jpg', 'https://media.rightmove.co.uk/dir/56k/55234/68080862/55234_THRE84_IMG_33_0000_max_656x437.jpg', 'https://media.rightmove.co.uk/dir/56k/55234/68080862/55234_THRE84_IMG_34_0000_max_656x437.jpg', 'https://media.rightmove.co.uk/dir/56k/55234/68080862/55234_THRE84_IMG_35_0000_max_656x437.jpg', 'https://media.rightmove.co.uk/dir/56k/55234/68080862/55234_THRE84_IMG_36_0000_max_656x437.jpg']"
E1 2BN,51.51623560483559,0.057372168751967344,77231773,2400.0,OpenRent (96668 -GPM Principal branch),39 Great Windmill Street London W1D 7LX ,2020-02-10-12-16-22,"['https://media.rightmove.co.uk/dir/97k/96668/77231773/96668_71763904022020_IMG_01_0000_max_656x437.jpg', 'https://media.rightmove.co.uk/dir/97k/96668/77231773/96668_71763904022020_IMG_02_0000_max_656x437.jpg', 'https://media.rightmove.co.uk/dir/97k/96668/77231773/96668_71763904022020_IMG_18_0000_max_656x437.jpg', 'https://media.rightmove.co.uk/dir/97k/96668/77231773/96668_71763904022020_IMG_19_0000_max_656x437.jpg', 'https://media.rightmove.co.uk/dir/97k/96668/77231773/96668_71763904022020_IMG_03_0000_max_656x437.jpg', 'https://media.rightmove.co.uk/dir/97k/96668/77231773/96668_71763904022020_IMG_04_0000_max_656x437.jpg', 'https://media.rightmove.co.uk/dir/97k/96668/77231773/96668_71763904022020_IMG_05_0000_max_656x437.jpg', 'https://media.rightmove.co.uk/dir/97k/96668/77231773/96668_71763904022020_IMG_06_0000_max_656x437.jpg', 'https://media.rightmove.co.uk/dir/97k/96668/77231773/96668_71763904022020_IMG_07_0000_max_656x437.jpg', 'https://media.rightmove.co.uk/dir/97k/96668/77231773/96668_71763904022020_IMG_20_0000_max_656x437.jpg', 'https://media.rightmove.co.uk/dir/97k/96668/77231773/96668_71763904022020_IMG_08_0000_max_656x437.jpg', 'https://media.rightmove.co.uk/dir/97k/96668/77231773/96668_71763904022020_IMG_09_0000_max_656x437.jpg', 'https://media.rightmove.co.uk/dir/97k/96668/77231773/96668_71763904022020_IMG_10_0000_max_656x437.jpg', 'https://media.rightmove.co.uk/dir/97k/96668/77231773/96668_71763904022020_IMG_11_0000_max_656x437.jpg', 'https://media.rightmove.co.uk/dir/97k/96668/77231773/96668_71763904022020_IMG_12_0000_max_656x437.jpg', 'https://media.rightmove.co.uk/dir/97k/96668/77231773/96668_71763904022020_IMG_13_0000_max_656x437.jpg', 'https://media.rightmove.co.uk/dir/97k/96668/77231773/96668_71763904022020_IMG_21_0000_max_656x437.jpg', 'https://media.rightmove.co.uk/dir/97k/96668/77231773/96668_71763904022020_IMG_22_0000_max_656x437.jpg', 'https://media.rightmove.co.uk/dir/97k/96668/77231773/96668_71763904022020_IMG_14_0000_max_656x437.jpg', 'https://media.rightmove.co.uk/dir/97k/96668/77231773/96668_71763904022020_IMG_15_0000_max_656x437.jpg', 'https://media.rightmove.co.uk/dir/97k/96668/77231773/96668_71763904022020_IMG_16_0000_max_656x437.jpg', 'https://media.rightmove.co.uk/dir/97k/96668/77231773/96668_71763904022020_IMG_17_0000_max_656x437.jpg']"
E1 5JZ,51.519764714016965,0.06414083233495396,77296183,2383.3333333333335,Stirling Ackroyd Lettings,"40 Great Eastern Street, London, EC2A 3EP",2020-02-07-09-45-41,"['https://media.rightmove.co.uk/dir/78k/77511/77296183/77511_XXX120778_L_IMG_01_0000_max_656x437.jpg', 'https://media.rightmove.co.uk/dir/78k/77511/77296183/77511_XXX120778_L_IMG_02_0000_max_656x437.jpg', 'https://media.rightmove.co.uk/dir/78k/77511/77296183/77511_XXX120778_L_IMG_03_0000_max_656x437.jpg', 'https://media.rightmove.co.uk/dir/78k/77511/77296183/77511_XXX120778_L_IMG_04_0000_max_656x437.jpg', 'https://media.rightmove.co.uk/dir/78k/77511/77296183/77511_XXX120778_L_IMG_05_0000_max_656x437.jpg', 'https://media.rightmove.co.uk/dir/78k/77511/77296183/77511_XXX120778_L_IMG_06_0000_max_656x437.jpg', 'https://media.rightmove.co.uk/dir/78k/77511/77296183/77511_XXX120778_L_IMG_07_0000_max_656x437.jpg']"
E1 1NA,51.51276728057789,0.06515810501196771,89175734,500.0,CITY REALTOR LIMITED ,"52 Cannon Street Road, London, E1 0BH",2020-02-06-12-15-40,"['https://media.rightmove.co.uk/dir/179k/178868/89175734/178868_29457789_IMG_01_0000_max_656x437.jpg', 'https://media.rightmove.co.uk/dir/179k/178868/89175734/178868_29457789_IMG_02_0000_max_656x437.jpg', 'https://media.rightmove.co.uk/dir/179k/178868/89175734/178868_29457789_IMG_03_0000_max_656x437.jpg', 'https://media.rightmove.co.uk/dir/179k/178868/89175734/178868_29457789_IMG_04_0000_max_656x437.jpg']"
E1 0DT,51.51277681859181,0.04944857168955716,89148803,610.0,CITY REALTOR LIMITED ,"52 Cannon Street Road, London, E1 0BH",2020-02-05-17-00-24,"['https://media.rightmove.co.uk/dir/179k/178868/89148803/178868_29455736_IMG_01_0000_max_656x437.jpg', 'https://media.rightmove.co.uk/dir/179k/178868/89148803/178868_29455736_IMG_02_0000_max_656x437.jpg', 'https://media.rightmove.co.uk/dir/179k/178868/89148803/178868_29455736_IMG_03_0000_max_656x437.jpg', 'https://media.rightmove.co.uk/dir/179k/178868/89148803/178868_29455736_IMG_04_0000_max_656x437.jpg']"
E1 1NA,51.51276728057789,0.06515810501196771,89129888,600.0,CITY REALTOR LIMITED ,"52 Cannon Street Road, London, E1 0BH",2020-02-05-10-39-18,"['https://media.rightmove.co.uk/dir/179k/178868/89129888/178868_29453563_IMG_01_0000_max_656x437.jpg', 'https://media.rightmove.co.uk/dir/179k/178868/89129888/178868_29453563_IMG_02_0000_max_656x437.jpg', 'https://media.rightmove.co.uk/dir/179k/178868/89129888/178868_29453563_IMG_03_0000_max_656x437.jpg', 'https://media.rightmove.co.uk/dir/179k/178868/89129888/178868_29453563_IMG_04_0000_max_656x437.jpg']"
E1 1QL,51.51182585145774,0.06260388310870163,89129582,650.0,CITY REALTOR LIMITED ,"52 Cannon Street Road, London, E1 0BH",2020-02-05-10-30-33,"['https://media.rightmove.co.uk/dir/179k/178868/89129582/178868_29453518_IMG_01_0000_max_656x437.png', 'https://media.rightmove.co.uk/dir/179k/178868/89129582/178868_29453518_IMG_02_0000_max_656x437.png', 'https://media.rightmove.co.uk/dir/179k/178868/89129582/178868_29453518_IMG_03_0000_max_656x437.png', 'https://media.rightmove.co.uk/dir/179k/178868/89129582/178868_29453518_IMG_04_0000_max_656x437.png']"
E1 7EB,51.51601453434699,0.0766950608118463,89107898,2491.6666666666665,Elkay Properties,"309 Old Street, London, EC1V 9LA",2020-02-04-17-18-45,"['https://media.rightmove.co.uk/dir/53k/52868/89107898/52868_102387001666_IMG_01_0000_max_656x437.jpg', 'https://media.rightmove.co.uk/dir/53k/52868/89107898/52868_102387001666_IMG_02_0000_max_656x437.jpg', 'https://media.rightmove.co.uk/dir/53k/52868/89107898/52868_102387001666_IMG_03_0000_max_656x437.jpg', 'https://media.rightmove.co.uk/dir/53k/52868/89107898/52868_102387001666_IMG_04_0000_max_656x437.jpg', 'https://media.rightmove.co.uk/dir/53k/52868/89107898/52868_102387001666_IMG_05_0000_max_656x437.jpg', 'https://media.rightmove.co.uk/dir/53k/52868/89107898/52868_102387001666_IMG_06_0000_max_656x437.jpg']"
E1 3HN,51.51809306319767,0.05008626631626903,85243934,Infinity,LettingaProperty.com (Nationwide GPM Principal branch),"10 Arden Court, William James Way, Henley-In-Arden, B95 5GF ",2020-02-04-11-39-00,"['https://media.rightmove.co.uk/dir/81k/80105/85243934/80105_10168_IMG_01_0015_max_656x437.jpg', 'https://media.rightmove.co.uk/dir/81k/80105/85243934/80105_10168_IMG_03_0019_max_656x437.jpg', 'https://media.rightmove.co.uk/dir/81k/80105/85243934/80105_10168_IMG_02_0015_max_656x437.jpg', 'https://media.rightmove.co.uk/dir/81k/80105/85243934/80105_10168_IMG_04_0015_max_656x437.jpg', 'https://media.rightmove.co.uk/dir/81k/80105/85243934/80105_10168_IMG_05_0015_max_656x437.jpg', 'https://media.rightmove.co.uk/dir/81k/80105/85243934/80105_10168_IMG_06_0015_max_656x437.jpg', 'https://media.rightmove.co.uk/dir/81k/80105/85243934/80105_10168_IMG_07_0009_max_656x437.jpg', 'https://media.rightmove.co.uk/dir/81k/80105/85243934/80105_10168_IMG_08_0009_max_656x437.jpg']","['https://media.rightmove.co.uk/dir/81k/80105/85243934/80105_10168_FLP_01_0015_max_600x600.jpg', 'https://media.rightmove.co.uk/dir/81k/80105/85243934/80105_10168_FLP_01_0015_max_900x900.jpg', 'https://media.rightmove.co.uk/dir/81k/80105/85243934/80105_10168_FLP_01_0015_max_1350x1350.jpg']"
E2 0EJ,51.526477551284934,0.056792093823060774,77361772,2400.0,OpenRent (96668 -GPM Principal branch),39 Great Windmill Street London W1D 7LX ,2020-02-10-16-21-47,"['https://media.rightmove.co.uk/dir/97k/96668/77361772/96668_72206710022020_IMG_01_0000_max_656x437.jpg', 'https://media.rightmove.co.uk/dir/97k/96668/77361772/96668_72206710022020_IMG_02_0000_max_656x437.jpg', 'https://media.rightmove.co.uk/dir/97k/96668/77361772/96668_72206710022020_IMG_03_0000_max_656x437.jpg', 'https://media.rightmove.co.uk/dir/97k/96668/77361772/96668_72206710022020_IMG_04_0000_max_656x437.jpg', 'https://media.rightmove.co.uk/dir/97k/96668/77361772/96668_72206710022020_IMG_05_0000_max_656x437.jpg', 'https://media.rightmove.co.uk/dir/97k/96668/77361772/96668_72206710022020_IMG_06_0000_max_656x437.jpg', 'https://media.rightmove.co.uk/dir/97k/96668/77361772/96668_72206710022020_IMG_07_0000_max_656x437.jpg', 'https://media.rightmove.co.uk/dir/97k/96668/77361772/96668_72206710022020_IMG_08_0000_max_656x437.jpg', 'https://media.rightmove.co.uk/dir/97k/96668/77361772/96668_72206710022020_IMG_09_0000_max_656x437.jpg', 'https://media.rightmove.co.uk/dir/97k/96668/77361772/96668_72206710022020_IMG_10_0000_max_656x437.jpg', 'https://media.rightmove.co.uk/dir/97k/96668/77361772/96668_72206710022020_IMG_11_0000_max_656x437.jpg', 'https://media.rightmove.co.uk/dir/97k/96668/77361772/96668_72206710022020_IMG_12_0000_max_656x437.jpg']","['https://media.rightmove.co.uk/dir/97k/96668/77361772/96668_72206710022020_FLP_01_0000_max_600x600.jpg', 'https://media.rightmove.co.uk/dir/97k/96668/77361772/96668_72206710022020_FLP_01_0000_max_900x900.jpg', 'https://media.rightmove.co.uk/dir/97k/96668/77361772/96668_72206710022020_FLP_01_0000_max_1350x1350.jpg']"
E2 6BZ,51.526419691804676,0.06962510370498777,89306084,2400.0,EastHaus Limited,"Unit 306, The Pill Box, 115 Coventry Road, London, E2 6GH",2020-02-10-10-36-00,"['https://media.rightmove.co.uk/dir/68k/67707/89306084/67707_BET190034_L_IMG_01_0000_max_656x437.jpg', 'https://media.rightmove.co.uk/dir/68k/67707/89306084/67707_BET190034_L_IMG_02_0000_max_656x437.jpg', 'https://media.rightmove.co.uk/dir/68k/67707/89306084/67707_BET190034_L_IMG_03_0000_max_656x437.jpg', 'https://media.rightmove.co.uk/dir/68k/67707/89306084/67707_BET190034_L_IMG_04_0000_max_656x437.jpg', 'https://media.rightmove.co.uk/dir/68k/67707/89306084/67707_BET190034_L_IMG_05_0000_max_656x437.jpg', 'https://media.rightmove.co.uk/dir/68k/67707/89306084/67707_BET190034_L_IMG_06_0000_max_656x437.jpg', 'https://media.rightmove.co.uk/dir/68k/67707/89306084/67707_BET190034_L_IMG_07_0000_max_656x437.jpg', 'https://media.rightmove.co.uk/dir/68k/67707/89306084/67707_BET190034_L_IMG_08_0000_max_656x437.jpg', 'https://media.rightmove.co.uk/dir/68k/67707/89306084/67707_BET190034_L_IMG_09_0000_max_656x437.jpg', 'https://media.rightmove.co.uk/dir/68k/67707/89306084/67707_BET190034_L_IMG_10_0000_max_656x437.jpg']","['https://media.rightmove.co.uk/dir/68k/67707/89306084/67707_BET190034_L_FLP_01_0000_max_600x600.jpg', 'https://media.rightmove.co.uk/dir/68k/67707/89306084/67707_BET190034_L_FLP_01_0000_max_900x900.jpg', 'https://media.rightmove.co.uk/dir/68k/67707/89306084/67707_BET190034_L_FLP_01_0000_max_1350x1350.jpg']"
E2 0BA,51.52850461385695,0.05973335493809117,89175470,2197.0,Inner City Estates,"447 Roman Road, London, E3 5LX ",2020-02-06-12-28-00,['https://media.rightmove.co.uk/dir/104k/103850/89175470/103850_clarkson_IMG_00_0000_max_656x437.jpg']
N1 7PJ,51.5314939340768,0.08844210617072305,68133096,2491.6666666666665,Myspace,"328 Caledonian Road, London, N1 1BB",2020-02-05-17-28-36,"['https://media.rightmove.co.uk/dir/78k/77855/68133096/77855_2380_IMG_01_0000_max_656x437.jpg', 'https://media.rightmove.co.uk/dir/78k/77855/68133096/77855_2380_IMG_02_0000_max_656x437.jpg', 'https://media.rightmove.co.uk/dir/78k/77855/68133096/77855_2380_IMG_03_0000_max_656x437.jpg', 'https://media.rightmove.co.uk/dir/78k/77855/68133096/77855_2380_IMG_04_0000_max_656x437.jpg', 'https://media.rightmove.co.uk/dir/78k/77855/68133096/77855_2380_IMG_05_0000_max_656x437.jpg']"
N7 6AX,51.55894970511683,0.11801962703554196,89311238,2200.0,Network Agencies,"209 Seven Sisters Road, London, N4 3NG",2020-02-10-13-59-00,"['https://media.rightmove.co.uk/dir/54k/53310/89311238/53310_sevensistersroad3b_IMG_00_0000_max_656x437.JPG', 'https://media.rightmove.co.uk/dir/54k/53310/89311238/53310_sevensistersroad3b_IMG_01_0000_max_656x437.JPG', 'https://media.rightmove.co.uk/dir/54k/53310/89311238/53310_sevensistersroad3b_IMG_02_0000_max_656x437.JPG', 'https://media.rightmove.co.uk/dir/54k/53310/89311238/53310_sevensistersroad3b_IMG_03_0000_max_656x437.JPG', 'https://media.rightmove.co.uk/dir/54k/53310/89311238/53310_sevensistersroad3b_IMG_04_0000_max_656x437.JPG', 'https://media.rightmove.co.uk/dir/54k/53310/89311238/53310_sevensistersroad3b_IMG_05_0000_max_656x437.JPG', 'https://media.rightmove.co.uk/dir/54k/53310/89311238/53310_sevensistersroad3b_IMG_06_0000_max_656x437.JPG', 'https://media.rightmove.co.uk/dir/54k/53310/89311238/53310_sevensistersroad3b_IMG_07_0000_max_656x437.JPG', 'https://media.rightmove.co.uk/dir/54k/53310/89311238/53310_sevensistersroad3b_IMG_08_0000_max_656x437.JPG']","['https://media.rightmove.co.uk/dir/54k/53310/89311238/53310_sevensistersroad3b_FLP_00_0000_max_600x600.JPG', 'https://media.rightmove.co.uk/dir/54k/53310/89311238/53310_sevensistersroad3b_FLP_00_0000_max_900x900.JPG', 'https://media.rightmove.co.uk/dir/54k/53310/89311238/53310_sevensistersroad3b_FLP_00_0000_max_1350x1350.JPG']"
N7 6AA,51.55884596057123,0.11715831988589377,77298604,Infinity,OpenRent (96668 -GPM Principal branch),39 Great Windmill Street London W1D 7LX ,2020-02-07-11-12-03,"['https://media.rightmove.co.uk/dir/97k/96668/77298604/96668_71978506022020_IMG_01_0000_max_656x437.jpg', 'https://media.rightmove.co.uk/dir/97k/96668/77298604/96668_71978506022020_IMG_02_0000_max_656x437.jpg', 'https://media.rightmove.co.uk/dir/97k/96668/77298604/96668_71978506022020_IMG_03_0000_max_656x437.jpg', 'https://media.rightmove.co.uk/dir/97k/96668/77298604/96668_71978506022020_IMG_04_0000_max_656x437.jpg', 'https://media.rightmove.co.uk/dir/97k/96668/77298604/96668_71978506022020_IMG_05_0000_max_656x437.jpg', 'https://media.rightmove.co.uk/dir/97k/96668/77298604/96668_71978506022020_IMG_06_0000_max_656x437.jpg', 'https://media.rightmove.co.uk/dir/97k/96668/77298604/96668_71978506022020_IMG_07_0000_max_656x437.jpg', 'https://media.rightmove.co.uk/dir/97k/96668/77298604/96668_71978506022020_IMG_08_0000_max_656x437.jpg']"
N7 0HU,51.55093337538824,0.12844727389308536,77252953,Infinity,OpenRent (96668 -GPM Principal branch),39 Great Windmill Street London W1D 7LX ,2020-02-05-12-14-14,"['https://media.rightmove.co.uk/dir/97k/96668/77252953/96668_71836905022020_IMG_01_0000_max_656x437.jpg', 'https://media.rightmove.co.uk/dir/97k/96668/77252953/96668_71836905022020_IMG_02_0000_max_656x437.jpg', 'https://media.rightmove.co.uk/dir/97k/96668/77252953/96668_71836905022020_IMG_03_0000_max_656x437.jpg', 'https://media.rightmove.co.uk/dir/97k/96668/77252953/96668_71836905022020_IMG_04_0000_max_656x437.jpg', 'https://media.rightmove.co.uk/dir/97k/96668/77252953/96668_71836905022020_IMG_05_0000_max_656x437.jpg', 'https://media.rightmove.co.uk/dir/97k/96668/77252953/96668_71836905022020_IMG_06_0000_max_656x437.jpg', 'https://media.rightmove.co.uk/dir/97k/96668/77252953/96668_71836905022020_IMG_07_0000_max_656x437.jpg', 'https://media.rightmove.co.uk/dir/97k/96668/77252953/96668_71836905022020_IMG_08_0000_max_656x437.jpg', 'https://media.rightmove.co.uk/dir/97k/96668/77252953/96668_71836905022020_IMG_09_0000_max_656x437.jpg', 'https://media.rightmove.co.uk/dir/97k/96668/77252953/96668_71836905022020_IMG_10_0000_max_656x437.jpg']"
N7 9SP,51.555334277693035,0.11687058073764277,70803919,2000.0,Drivers & Norris,"407-409 Holloway Road, London, N7 6HP",2020-02-04-14-47-09,"['https://media.rightmove.co.uk/dir/55k/54616/70803919/54616_DAN180984_L_IMG_03_0000_max_656x437.jpg', 'https://media.rightmove.co.uk/dir/55k/54616/70803919/54616_DAN180984_L_IMG_01_0000_max_656x437.jpg', 'https://media.rightmove.co.uk/dir/55k/54616/70803919/54616_DAN180984_L_IMG_02_0000_max_656x437.jpg', 'https://media.rightmove.co.uk/dir/55k/54616/70803919/54616_DAN180984_L_IMG_04_0000_max_656x437.jpg']","['https://media.rightmove.co.uk/dir/55k/54616/70803919/54616_DAN180984_L_FLP_01_0000_max_600x600.jpg', 'https://media.rightmove.co.uk/dir/55k/54616/70803919/54616_DAN180984_L_FLP_01_0000_max_900x900.jpg', 'https://media.rightmove.co.uk/dir/55k/54616/70803919/54616_DAN180984_L_FLP_01_0000_max_1350x1350.jpg']"
SE11 4LD,51.48673164386709,0.11192041322067287,77285119,850.0,OpenRent (96668 -GPM Principal branch),39 Great Windmill Street London W1D 7LX ,2020-02-06-17-56-52,"['https://media.rightmove.co.uk/dir/97k/96668/77285119/96668_71943206022020_IMG_01_0000_max_656x437.jpg', 'https://media.rightmove.co.uk/dir/97k/96668/77285119/96668_71943206022020_IMG_02_0000_max_656x437.jpg', 'https://media.rightmove.co.uk/dir/97k/96668/77285119/96668_71943206022020_IMG_03_0000_max_656x437.jpg']"
SE11 4PT,51.48589966279754,0.1105144346374537,77285116,800.0,OpenRent (96668 -GPM Principal branch),39 Great Windmill Street London W1D 7LX ,2020-02-06-17-56-51,"['https://media.rightmove.co.uk/dir/97k/96668/77285116/96668_71942606022020_IMG_01_0000_max_656x437.jpg', 'https://media.rightmove.co.uk/dir/97k/96668/77285116/96668_71942606022020_IMG_02_0000_max_656x437.jpg', 'https://media.rightmove.co.uk/dir/97k/96668/77285116/96668_71942606022020_IMG_03_0000_max_656x437.jpg', 'https://media.rightmove.co.uk/dir/97k/96668/77285116/96668_71942606022020_IMG_04_0000_max_656x437.jpg', 'https://media.rightmove.co.uk/dir/97k/96668/77285116/96668_71942606022020_IMG_05_0000_max_656x437.jpg', 'https://media.rightmove.co.uk/dir/97k/96668/77285116/96668_71942606022020_IMG_06_0000_max_656x437.jpg', 'https://media.rightmove.co.uk/dir/97k/96668/77285116/96668_71942606022020_IMG_07_0000_max_656x437.jpg']"
E1W 3RD,51.506589270993025,0.05590918168107955,77284837,2100.0,Choices,"2 Devonshire Square, London, EC2M 4UJ",2020-02-06-17-40-29,"['https://media.rightmove.co.uk/dir/118k/117484/77284837/117484_4934283_IMG_02_0000_max_656x437.jpg', 'https://media.rightmove.co.uk/dir/118k/117484/77284837/117484_4934283_IMG_01_0000_max_656x437.jpg', 'https://media.rightmove.co.uk/dir/118k/117484/77284837/117484_4934283_IMG_03_0000_max_656x437.jpg', 'https://media.rightmove.co.uk/dir/118k/117484/77284837/117484_4934283_IMG_04_0000_max_656x437.jpg', 'https://media.rightmove.co.uk/dir/118k/117484/77284837/117484_4934283_IMG_05_0000_max_656x437.jpg', 'https://media.rightmove.co.uk/dir/118k/117484/77284837/117484_4934283_IMG_06_0000_max_656x437.jpg', 'https://media.rightmove.co.uk/dir/118k/117484/77284837/117484_4934283_IMG_07_0000_max_656x437.jpg']"
E1W 2QW,51.506956590512225,0.061801729919498456,89234222,2491.6666666666665,Savills Lettings,"Execution Dock, 80 Wapping High Street, London, E1W 2NE",2020-02-07-17-54-02,"['https://media.rightmove.co.uk/dir/50k/49000/89234222/49000_DOL020056_L_IMG_01_0000_max_656x437.jpg', 'https://media.rightmove.co.uk/dir/50k/49000/89234222/49000_DOL020056_L_IMG_02_0000_max_656x437.jpg', 'https://media.rightmove.co.uk/dir/50k/49000/89234222/49000_DOL020056_L_IMG_03_0000_max_656x437.jpg', 'https://media.rightmove.co.uk/dir/50k/49000/89234222/49000_DOL020056_L_IMG_04_0000_max_656x437.jpg', 'https://media.rightmove.co.uk/dir/50k/49000/89234222/49000_DOL020056_L_IMG_05_0000_max_656x437.jpg', 'https://media.rightmove.co.uk/dir/50k/49000/89234222/49000_DOL020056_L_IMG_06_0000_max_656x437.jpg', 'https://media.rightmove.co.uk/dir/50k/49000/89234222/49000_DOL020056_L_IMG_07_0000_max_656x437.jpg', 'https://media.rightmove.co.uk/dir/50k/49000/89234222/49000_DOL020056_L_IMG_08_0000_max_656x437.jpg', 'https://media.rightmove.co.uk/dir/50k/49000/89234222/49000_DOL020056_L_IMG_09_0000_max_656x437.jpg']","['https://media.rightmove.co.uk/dir/50k/49000/89234222/49000_DOL020056_L_FLP_01_0000_max_600x600.jpg', 'https://media.rightmove.co.uk/dir/50k/49000/89234222/49000_DOL020056_L_FLP_01_0000_max_900x900.jpg', 'https://media.rightmove.co.uk/dir/50k/49000/89234222/49000_DOL020056_L_FLP_01_0000_max_1350x1350.jpg']"
E1W 3RD,51.506589270993025,0.05590918168107955,77284837,2100.0,Choices,"2 Devonshire Square, London, EC2M 4UJ",2020-02-06-17-40-29,"['https://media.rightmove.co.uk/dir/118k/117484/77284837/117484_4934283_IMG_02_0000_max_656x437.jpg', 'https://media.rightmove.co.uk/dir/118k/117484/77284837/117484_4934283_IMG_01_0000_max_656x437.jpg', 'https://media.rightmove.co.uk/dir/118k/117484/77284837/117484_4934283_IMG_03_0000_max_656x437.jpg', 'https://media.rightmove.co.uk/dir/118k/117484/77284837/117484_4934283_IMG_04_0000_max_656x437.jpg', 'https://media.rightmove.co.uk/dir/118k/117484/77284837/117484_4934283_IMG_05_0000_max_656x437.jpg', 'https://media.rightmove.co.uk/dir/118k/117484/77284837/117484_4934283_IMG_06_0000_max_656x437.jpg', 'https://media.rightmove.co.uk/dir/118k/117484/77284837/117484_4934283_IMG_07_0000_max_656x437.jpg']"
